UID,YEAR,LOC,YLD_BE,MST,PHT,STLP,TWT,X05_PRCP,X05_TAVG,X06_DP01,clay_5_15cm,principal component 1,principal component 2,principal component 3,principal component 4,principal component 5,principal component 6,principal component 7,principal component 8,principal component 9,principal component 10,principal component 11,principal component 12,principal component 13
C1.162.083,2000,ILMN,169.148,16.5,,32.432,,90.65882353,17.78352941,8.823529412,290.972752,0.4155864544668116,-0.2044566706223284,0.2422651043296061,0.7477746806037416,-1.3849333840962064,-0.2393448499045347,-0.5372213474106418,0.391797709236529,1.864366767077965,-0.1872080198544365,0.4404759053369408,1.3942290751018442,5.931445431455894
C1.162.053,2000,IASL,135.088,15.0,,12.676,59.2,81.5,17.15,12.0,290.972752,-14.662643050609756,4.253565823755781,-10.412588957788332,2.34296474677215,-7.935438016725874,-3.746963409625353,-0.201257430131925,-2.0830144857958053,3.4540461835966307,-3.7786719700064064,-3.4049819926723,11.882214679624756,-2.1814330640423476
